temperature,date,mois,wind_dire,wind_speed,id
22,"2018-05-12 17:00:00",48,从西南偏南方向吹来的风,2,1
20,"2018-05-12 20:00:00",53,从东南偏南方向吹来的风,2,2
23,"2018-05-12 11:00:00",41,从西方吹来的风,4,3
16,"2018-05-13 05:00:00",82,从西南偏西方向吹来的风,4,4
18,"2018-05-13 02:00:00",70,从东南方吹来的风,3,5
22,"2018-05-12 14:00:00",46,从西方吹来的风,3,6
17,"2018-05-12 23:00:00",72,从东南偏南方向吹来的风,1,7
15,"2018-05-13 08:00:00",86,从西南方吹来的风,1,8
18,"2018-05-11 23:00:00",59,从东方吹来的风,1,9
17,"2018-05-12 05:00:00",72,从西南方吹来的风,2,10
19,"2018-05-12 08:00:00",65,从西南偏南方向吹来的风,2,11
26,"2018-05-11 14:00:00",30,从西南偏西方向吹来的风,4,12
18,"2018-05-12 02:00:00",56,从西南方吹来的风,2,13
23,"2018-05-11 11:00:00",38,从西南偏南方向吹来的风,5,14
26,"2018-05-11 17:00:00",31,从南方吹来的风,4,15
23,"2018-05-11 20:00:00",35,从西南偏南方向吹来的风,4,16
17,"2018-05-11 08:00:00",64,从西南偏西方向吹来的风,2,17
16,"2018-05-11 05:00:00",68,从西南偏西方向吹来的风,2,18
21,"2018-05-10 23:00:00",44,从西南偏南方向吹来的风,3,19
24,"2018-05-10 20:00:00",37,从西南偏南方向吹来的风,4,20
17,"2018-05-11 02:00:00",62,从西南偏西方向吹来的风,2,21
28,"2018-05-10 17:00:00",31,从西南方吹来的风,4,22
26,"2018-05-10 14:00:00",39,从西南方吹来的风,4,23
23,"2018-05-10 11:00:00",47,从西南方吹来的风,6,24
17,"2018-05-10 08:00:00",77,从西南偏南方向吹来的风,1,25
15,"2018-05-10 05:00:00",81,从西北偏西方向吹来的风,1,26
16,"2018-05-10 02:00:00",78,从西南方吹来的风,1,27
23,"2018-05-09 20:00:00",44,从西南偏南方向吹来的风,3,28
18,"2018-05-09 23:00:00",67,从西南偏西方向吹来的风,2,29
25,"2018-05-09 17:00:00",43,从东南方吹来的风,4,30
23,"2018-05-09 14:00:00",46,从西南偏南方向吹来的风,3,31
22,"2018-05-09 11:00:00",53,从西南方吹来的风,3,32
17,"2018-05-09 08:00:00",73,从西南方吹来的风,2,33
15,"2018-05-09 05:00:00",72,从西南方吹来的风,1,34
18,"2018-05-08 23:00:00",63,从西南方吹来的风,3,35
16,"2018-05-09 02:00:00",69,从西南方吹来的风,3,36
21,"2018-05-08 20:00:00",56,从西南偏西方向吹来的风,3,37
23,"2018-05-08 14:00:00",55,从东南偏南方向吹来的风,4,38
24,"2018-05-08 17:00:00",46,从西南方吹来的风,4,39
20,"2018-05-08 11:00:00",64,从东南偏南方向吹来的风,2,40
16,"2018-05-08 08:00:00",79,从西南方吹来的风,1,41
15,"2018-05-08 05:00:00",82,从西北偏西方向吹来的风,1,42
16,"2018-05-08 02:00:00",73,从西南方吹来的风,3,43
19,"2018-05-07 23:00:00",60,从西南方吹来的风,4,44
24,"2018-05-07 14:00:00",41,从西北偏西方向吹来的风,2,45
21,"2018-05-07 20:00:00",49,从西南偏南方向吹来的风,3,46
25,"2018-05-07 17:00:00",39,从西南方吹来的风,3,47
17,"2018-05-07 08:00:00",71,从东方吹来的风,1,48
21,"2018-05-07 11:00:00",52,从西南偏南方向吹来的风,3,49
12,"2018-05-07 05:00:00",87,从西南偏南方向吹来的风,2,50
16,"2018-05-07 02:00:00",69,从西南方吹来的风,2,51
23,"2018-05-06 17:00:00",50,从西南偏西方向吹来的风,6,52
20,"2018-05-06 20:00:00",57,从西南偏南方向吹来的风,6,53
24,"2018-05-06 14:00:00",44,从西南方吹来的风,5,54
21,"2018-05-06 11:00:00",56,从西南方吹来的风,5,55
16,"2018-05-06 05:00:00",85,从西南偏西方向吹来的风,1,56
17,"2018-05-06 23:00:00",68,从西南方吹来的风,2,57
17,"2018-05-06 08:00:00",78,从西南方吹来的风,2,58
17,"2018-05-06 02:00:00",79,从西南方吹来的风,3,59
17,"2018-05-05 23:00:00",71,从西南方吹来的风,2,60
22,"2018-05-05 14:00:00",55,从西南方吹来的风,5,61
22,"2018-05-05 17:00:00",57,从西南方吹来的风,3,62
19,"2018-05-05 20:00:00",61,从西南偏南方向吹来的风,2,63
15,"2018-05-05 08:00:00",89,从西南方吹来的风,1,64
17,"2018-05-05 11:00:00",82,从西南偏南方向吹来的风,1,65
14,"2018-05-05 05:00:00",92,从西南方吹来的风,2,66
14,"2018-05-05 02:00:00",93,从西南方吹来的风,5,67
18,"2018-05-04 23:00:00",71,从西南偏南方向吹来的风,3,68
24,"2018-05-04 17:00:00",45,从西南方吹来的风,4,69
23,"2018-05-04 14:00:00",50,从西南方吹来的风,3,70
21,"2018-05-04 20:00:00",50,从西南偏南方向吹来的风,4,71
20,"2018-05-04 11:00:00",72,从南方吹来的风,3,72
16,"2018-05-04 05:00:00",94,从西南方吹来的风,2,73
16,"2018-05-04 08:00:00",92,从西南偏南方向吹来的风,2,74
15,"2018-05-04 02:00:00",97,从西北方吹来的风,1,75
16,"2018-05-03 23:00:00",94,从东南偏南方向吹来的风,2,76
16,"2018-05-03 17:00:00",90,从南方吹来的风,1,77
16,"2018-05-03 20:00:00",92,从西南偏南方向吹来的风,1,78
17,"2018-05-03 14:00:00",84,从东南偏南方向吹来的风,1,79
16,"2018-05-03 11:00:00",92,从西南偏南方向吹来的风,2,80
15,"2018-05-03 08:00:00",94,从南方吹来的风,1,81
16,"2018-05-03 02:00:00",87,从南方吹来的风,1,82
15,"2018-05-03 05:00:00",89,从西南偏南方向吹来的风,2,83
17,"2018-05-02 23:00:00",79,从东南方吹来的风,2,84
17,"2018-05-02 20:00:00",83,从东南方吹来的风,2,85
21,"2018-05-02 17:00:00",60,从南方吹来的风,3,86
22,"2018-05-02 14:00:00",53,从南方吹来的风,3,87
15,"2018-05-02 08:00:00",85,无风,0,88
16,"2018-05-02 02:00:00",70,从西南偏西方向吹来的风,3,89
20,"2018-05-02 11:00:00",66,从西方吹来的风,2,90
13,"2018-05-02 05:00:00",87,从西北偏北方向吹来的风,1,91
18,"2018-05-01 23:00:00",64,从西方吹来的风,2,92
25,"2018-05-01 17:00:00",39,从西南偏西方向吹来的风,6,93
21,"2018-05-01 20:00:00",51,从西方吹来的风,1,94
25,"2018-05-01 14:00:00",37,从西南偏西方向吹来的风,4,95
21,"2018-05-01 11:00:00",50,从西南偏西方向吹来的风,4,96
20,"2018-04-30 20:00:00",51,从西南偏南方向吹来的风,2,97
15,"2018-05-01 02:00:00",74,从西南偏西方向吹来的风,2,98
17,"2018-04-30 23:00:00",69,从西方吹来的风,1,99
15,"2018-05-01 08:00:00",80,从西南方吹来的风,3,100
15,"2018-05-01 05:00:00",77,从西方吹来的风,2,101
22,"2018-04-30 14:00:00",45,从西南方吹来的风,4,102
20,"2018-04-30 11:00:00",58,从西南偏南方向吹来的风,3,103
23,"2018-04-30 17:00:00",37,从西南偏西方向吹来的风,4,104
15,"2018-04-30 08:00:00",85,从西方吹来的风,2,105
13,"2018-04-30 05:00:00",88,从西南方吹来的风,1,106
16,"2018-04-29 23:00:00",64,从西南方吹来的风,3,107
15,"2018-04-30 02:00:00",81,从西南偏西方向吹来的风,2,108
19,"2018-04-29 20:00:00",56,从西南偏南方向吹来的风,2,109
21,"2018-04-29 17:00:00",50,从西南方吹来的风,2,110
21,"2018-04-29 14:00:00",52,从西南方吹来的风,2,111
18,"2018-04-29 11:00:00",62,从西南方吹来的风,4,112
14,"2018-04-29 08:00:00",85,从西南偏西方向吹来的风,2,113
15,"2018-04-28 20:00:00",80,从西北偏西方向吹来的风,2,114
13,"2018-04-29 02:00:00",83,从西南方吹来的风,2,115
14,"2018-04-28 23:00:00",82,从东南偏南方向吹来的风,1,116
13,"2018-04-29 05:00:00",83,从西北偏西方向吹来的风,2,117
20,"2018-04-28 17:00:00",63,从东南偏南方向吹来的风,2,118
16,"2018-04-28 14:00:00",81,从西南偏南方向吹来的风,2,119
17,"2018-04-28 11:00:00",78,从东南偏南方向吹来的风,2,120
14,"2018-04-28 08:00:00",87,从南方吹来的风,1,121
14,"2018-04-28 05:00:00",86,从南方吹来的风,2,122
14,"2018-04-27 17:00:00",88,从东北方吹来的风,5,123
14,"2018-04-28 02:00:00",86,从东南方吹来的风,2,124
13,"2018-04-27 23:00:00",94,从东南偏南方向吹来的风,1,125
14,"2018-04-27 20:00:00",88,从东北偏东方向吹来的风,2,126
13,"2018-04-27 08:00:00",86,从东北方吹来的风,3,127
14,"2018-04-27 11:00:00",81,从东北偏东方向吹来的风,3,128
16,"2018-04-27 14:00:00",71,从东南偏南方向吹来的风,2,129
16,"2018-04-26 23:00:00",74,从东南偏东方向吹来的风,2,130
15,"2018-04-27 02:00:00",80,从东方吹来的风,4,131
14,"2018-04-27 05:00:00",80,从东方吹来的风,3,132
22,"2018-04-26 17:00:00",55,从西南方吹来的风,2,133
18,"2018-04-26 20:00:00",69,从东方吹来的风,4,134
18,"2018-04-26 08:00:00",73,从东南偏南方向吹来的风,2,135
22,"2018-04-26 11:00:00",58,从南方吹来的风,2,136
21,"2018-04-26 14:00:00",63,从东北方吹来的风,5,137
19,"2018-04-25 23:00:00",54,从西南偏西方向吹来的风,2,138
18,"2018-04-26 05:00:00",76,从西南方吹来的风,1,139
26,"2018-04-25 17:00:00",29,从西南方吹来的风,4,140
17,"2018-04-26 02:00:00",68,从东南方吹来的风,2,141
23,"2018-04-25 20:00:00",33,从西南方吹来的风,2,142
27,"2018-04-25 14:00:00",29,从西方吹来的风,6,143
24,"2018-04-25 11:00:00",39,从东南偏南方向吹来的风,1,144
18,"2018-04-25 08:00:00",63,从西南偏西方向吹来的风,1,145
18,"2018-04-25 05:00:00",62,从西方吹来的风,3,146
28,"2018-04-24 17:00:00",18,从西南方吹来的风,5,147
24,"2018-04-24 20:00:00",27,从西南偏南方向吹来的风,3,148
18,"2018-04-24 23:00:00",58,无风,0,149
19,"2018-04-25 02:00:00",49,从西南方吹来的风,3,150
16,"2018-04-24 08:00:00",71,无风,0,151
24,"2018-04-24 11:00:00",37,从南方吹来的风,2,152
27,"2018-04-24 14:00:00",32,从南方吹来的风,4,153
12,"2018-04-24 05:00:00",84,无风,0,154
17,"2018-04-24 02:00:00",59,从西方吹来的风,1,155
21,"2018-04-23 23:00:00",41,从西南方吹来的风,3,156
24,"2018-04-23 20:00:00",31,从西南偏西方向吹来的风,4,157
29,"2018-04-23 17:00:00",21,从西南偏西方向吹来的风,4,158
23,"2018-04-23 11:00:00",34,从西南偏南方向吹来的风,4,159
27,"2018-04-23 14:00:00",26,从西南偏西方向吹来的风,5,160
17,"2018-04-23 08:00:00",56,从西南方吹来的风,1,161
18,"2018-04-23 02:00:00",48,从西南方吹来的风,2,162
20,"2018-04-22 23:00:00",44,从西南方吹来的风,3,163
14,"2018-04-23 05:00:00",69,从西南方吹来的风,1,164
23,"2018-04-22 20:00:00",35,从西南方吹来的风,4,165
27,"2018-04-22 17:00:00",25,从西南偏西方向吹来的风,5,166
26,"2018-04-22 14:00:00",25,从西方吹来的风,7,167
22,"2018-04-22 11:00:00",40,从西南方吹来的风,8,168
16,"2018-04-22 08:00:00",62,从南方吹来的风,1,169
16,"2018-04-22 05:00:00",60,从西南方吹来的风,1,170
17,"2018-04-22 02:00:00",56,从西南方吹来的风,3,171
21,"2018-04-21 20:00:00",41,从西南偏南方向吹来的风,3,172
19,"2018-04-21 23:00:00",50,从西南方吹来的风,2,173
22,"2018-04-21 11:00:00",44,从西南方吹来的风,4,174
25,"2018-04-21 14:00:00",37,从西南方吹来的风,5,175
15,"2018-04-21 08:00:00",68,无风,0,176
25,"2018-04-21 17:00:00",35,从西南方吹来的风,4,177
13,"2018-04-21 05:00:00",77,从西南偏南方向吹来的风,1,178
17,"2018-04-20 23:00:00",57,从西南偏西方向吹来的风,3,179
14,"2018-04-21 02:00:00",73,从西南方吹来的风,2,180
20,"2018-04-20 20:00:00",49,从西南方吹来的风,5,181
23,"2018-04-20 14:00:00",47,从西南方吹来的风,6,182
23,"2018-04-20 17:00:00",44,从西南方吹来的风,4,183
19,"2018-04-20 11:00:00",51,从西南方吹来的风,5,184
13,"2018-04-20 08:00:00",82,从西北偏西方向吹来的风,1,185
15,"2018-04-19 23:00:00",69,从西南方吹来的风,3,186
12,"2018-04-20 05:00:00",91,从西南方吹来的风,2,187
18,"2018-04-19 20:00:00",59,从西南偏南方向吹来的风,4,188
14,"2018-04-20 02:00:00",79,从西南方吹来的风,3,189
17,"2018-04-19 11:00:00",71,从西南偏南方向吹来的风,2,190
17,"2018-04-19 14:00:00",73,从西方吹来的风,2,191
19,"2018-04-19 17:00:00",56,从西南偏南方向吹来的风,2,192
13,"2018-04-19 08:00:00",86,从西南偏南方向吹来的风,1,193
19,"2018-04-18 20:00:00",55,从西南偏南方向吹来的风,4,194
13,"2018-04-18 23:00:00",82,从西北偏北方向吹来的风,1,195
13,"2018-04-19 02:00:00",80,从西南方吹来的风,2,196
13,"2018-04-19 05:00:00",85,从西南方吹来的风,2,197
18,"2018-04-18 11:00:00",61,从南方吹来的风,2,198
21,"2018-04-18 17:00:00",49,从东南偏南方向吹来的风,5,199
13,"2018-04-18 08:00:00",78,从北方吹来的风,1,200
22,"2018-04-18 14:00:00",50,从东南方吹来的风,5,201
11,"2018-04-18 05:00:00",89,从西南方吹来的风,1,202
13,"2018-04-17 23:00:00",72,从东南方吹来的风,1,203
13,"2018-04-18 02:00:00",78,从东南偏南方向吹来的风,1,204
16,"2018-04-17 20:00:00",67,从东南偏南方向吹来的风,3,205
22,"2018-04-17 17:00:00",42,从东南偏南方向吹来的风,4,206
22,"2018-04-17 14:00:00",49,从东南偏南方向吹来的风,3,207
18,"2018-04-17 11:00:00",58,从北方吹来的风,1,208
13,"2018-04-17 08:00:00",83,从西北偏北方向吹来的风,1,209
15,"2018-04-16 20:00:00",61,从西南方吹来的风,2,210
12,"2018-04-17 05:00:00",85,从西南方吹来的风,1,211
11,"2018-04-17 02:00:00",85,从东南偏南方向吹来的风,1,212
11,"2018-04-16 23:00:00",84,从东南偏南方向吹来的风,1,213
14,"2018-04-16 11:00:00",61,从西北偏西方向吹来的风,1,214
20,"2018-04-16 17:00:00",42,从南方吹来的风,1,215
11,"2018-04-16 08:00:00",73,从东北方吹来的风,3,216
19,"2018-04-16 14:00:00",49,从南方吹来的风,2,217
12,"2018-04-16 05:00:00",80,从东北方吹来的风,3,218
13,"2018-04-15 23:00:00",83,从东南方吹来的风,2,219
13,"2018-04-16 02:00:00",78,从东北偏东方向吹来的风,4,220
16,"2018-04-15 20:00:00",64,从西南偏南方向吹来的风,1,221
13,"2018-04-15 08:00:00",75,从东南偏东方向吹来的风,3,222
24,"2018-04-15 14:00:00",31,从西南方吹来的风,4,223
18,"2018-04-15 11:00:00",58,从东南偏南方向吹来的风,3,224
16,"2018-04-15 17:00:00",67,从西南方吹来的风,5,225
11,"2018-04-15 05:00:00",86,从东北偏东方向吹来的风,1,226
14,"2018-04-15 02:00:00",74,从东南偏东方向吹来的风,2,227
22,"2018-04-14 20:00:00",34,从西南偏南方向吹来的风,4,228
18,"2018-04-14 23:00:00",50,从西南方吹来的风,2,229
26,"2018-04-14 14:00:00",25,从西南方吹来的风,6,230
25,"2018-04-14 17:00:00",28,从西南偏南方向吹来的风,4,231
16,"2018-04-14 08:00:00",59,从西南偏南方向吹来的风,2,232
23,"2018-04-14 11:00:00",30,从西南偏西方向吹来的风,5,233
19,"2018-04-14 02:00:00",47,从西南偏西方向吹来的风,6,234
14,"2018-04-14 05:00:00",63,从南方吹来的风,1,235
20,"2018-04-13 23:00:00",43,从西方吹来的风,6,236
23,"2018-04-13 20:00:00",31,从西南方吹来的风,3,237
22,"2018-04-13 11:00:00",42,从西南偏西方向吹来的风,5,238
17,"2018-04-13 08:00:00",57,从西南方吹来的风,3,239
26,"2018-04-13 17:00:00",23,从西南偏西方向吹来的风,5,240
26,"2018-04-13 14:00:00",28,从西南方吹来的风,6,241
19,"2018-04-12 23:00:00",46,从西南方吹来的风,4,242
17,"2018-04-13 05:00:00",56,从西方吹来的风,6,243
15,"2018-04-13 02:00:00",63,从西南偏南方向吹来的风,2,244
21,"2018-04-12 20:00:00",38,从西南方吹来的风,3,245
24,"2018-04-12 17:00:00",33,从西南方吹来的风,4,246
23,"2018-04-12 14:00:00",38,从西方吹来的风,9,247
21,"2018-04-12 11:00:00",42,从西南偏西方向吹来的风,10,248
16,"2018-04-12 08:00:00",58,从西南方吹来的风,2,249
21,"2018-04-11 20:00:00",43,从西南偏南方向吹来的风,5,250
16,"2018-04-12 05:00:00",56,从西南方吹来的风,2,251
19,"2018-04-11 23:00:00",52,从西南偏西方向吹来的风,4,252
18,"2018-04-12 02:00:00",51,从西南方吹来的风,5,253
22,"2018-04-11 11:00:00",41,从西南偏西方向吹来的风,4,254
15,"2018-04-11 08:00:00",61,从西南偏西方向吹来的风,1,255
24,"2018-04-11 17:00:00",35,从西南偏西方向吹来的风,5,256
25,"2018-04-11 14:00:00",36,从西南偏西方向吹来的风,6,257
16,"2018-04-11 02:00:00",51,从西南方吹来的风,1,258
14,"2018-04-11 05:00:00",59,从西南方吹来的风,2,259
18,"2018-04-10 23:00:00",52,从西南偏西方向吹来的风,2,260
21,"2018-04-10 20:00:00",38,从西南方吹来的风,3,261
20,"2018-04-10 11:00:00",47,从西南偏西方向吹来的风,7,262
24,"2018-04-10 17:00:00",34,从西南方吹来的风,6,263
15,"2018-04-10 08:00:00",68,从西南偏南方向吹来的风,1,264
24,"2018-04-10 14:00:00",36,从西南方吹来的风,6,265
20,"2018-04-09 20:00:00",51,从西南方吹来的风,5,266
15,"2018-04-10 05:00:00",69,从西南偏西方向吹来的风,2,267
17,"2018-04-09 23:00:00",60,从西南方吹来的风,2,268
15,"2018-04-10 02:00:00",71,从西南偏西方向吹来的风,1,269
11,"2018-04-09 08:00:00",84,从西南方吹来的风,2,270
22,"2018-04-09 14:00:00",41,从西南偏西方向吹来的风,6,271
24,"2018-04-09 17:00:00",40,从西南偏西方向吹来的风,4,272
18,"2018-04-09 11:00:00",58,从西南方吹来的风,6,273
12,"2018-04-09 02:00:00",76,从南方吹来的风,2,274
11,"2018-04-09 05:00:00",83,从西南方吹来的风,2,275
17,"2018-04-08 20:00:00",60,从西北偏西方向吹来的风,1,276
15,"2018-04-08 23:00:00",65,从西南偏西方向吹来的风,4,277
21,"2018-04-08 17:00:00",40,从西南偏南方向吹来的风,4,278
18,"2018-04-08 14:00:00",49,从西南方吹来的风,4,279
13,"2018-04-08 11:00:00",62,从西南方吹来的风,4,280
9,"2018-04-08 08:00:00",79,从西南偏南方向吹来的风,1,281
10,"2018-04-07 23:00:00",68,从西南方吹来的风,2,282
9,"2018-04-08 05:00:00",76,从西南偏西方向吹来的风,3,283
9,"2018-04-08 02:00:00",72,从西南方吹来的风,2,284
11,"2018-04-07 20:00:00",57,从西南偏南方向吹来的风,2,285
13,"2018-04-07 17:00:00",45,从南方吹来的风,3,286
6,"2018-04-07 08:00:00",79,从东北偏东方向吹来的风,4,287
9,"2018-04-07 11:00:00",55,从东南方吹来的风,4,288
12,"2018-04-07 14:00:00",51,从南方吹来的风,3,289
5,"2018-04-07 05:00:00",89,从东北偏东方向吹来的风,4,290
6,"2018-04-07 02:00:00",84,从东北偏东方向吹来的风,4,291
7,"2018-04-06 23:00:00",76,从东北方吹来的风,4,292
8,"2018-04-06 20:00:00",75,从东北方吹来的风,4,293
11,"2018-04-06 17:00:00",52,从东北方吹来的风,7,294
13,"2018-04-06 14:00:00",47,从东北方吹来的风,6,295
11,"2018-04-06 08:00:00",67,从东北偏东方向吹来的风,3,296
11,"2018-04-06 11:00:00",59,从东北偏东方向吹来的风,5,297
12,"2018-04-06 05:00:00",69,从东北方吹来的风,3,298
14,"2018-04-06 02:00:00",64,从东北方吹来的风,3,299
15,"2018-04-05 23:00:00",53,从东南偏东方向吹来的风,1,300
23,"2018-04-05 17:00:00",28,从西南方吹来的风,5,301
20,"2018-04-05 20:00:00",36,从西南方吹来的风,3,302
20,"2018-04-05 11:00:00",30,从西南偏西方向吹来的风,10,303
14,"2018-04-05 08:00:00",54,从西南方吹来的风,1,304
24,"2018-04-05 14:00:00",26,从西南偏西方向吹来的风,5,305
15,"2018-04-05 05:00:00",53,从西南方吹来的风,2,306
18,"2018-04-04 23:00:00",44,从西南偏南方向吹来的风,2,307
16,"2018-04-05 02:00:00",50,从西南偏南方向吹来的风,3,308
20,"2018-04-04 20:00:00",35,从西南偏西方向吹来的风,3,309
25,"2018-04-04 14:00:00",32,从西南方吹来的风,4,310
23,"2018-04-04 17:00:00",30,从西南方吹来的风,6,311
21,"2018-04-04 11:00:00",49,从西南方吹来的风,5,312
15,"2018-04-04 08:00:00",77,从西方吹来的风,2,313
15,"2018-04-04 05:00:00",78,从西北偏北方向吹来的风,1,314
19,"2018-04-03 23:00:00",44,从西南方吹来的风,3,315
16,"2018-04-04 02:00:00",66,从西南方吹来的风,1,316
22,"2018-04-03 20:00:00",29,从西南方吹来的风,4,317
26,"2018-04-03 17:00:00",20,从西南偏西方向吹来的风,4,318
25,"2018-04-03 14:00:00",22,从西南偏西方向吹来的风,5,319
14,"2018-04-03 08:00:00",79,从西南方吹来的风,1,320
20,"2018-04-03 11:00:00",46,从西南偏南方向吹来的风,4,321
15,"2018-04-03 05:00:00",71,从西南方吹来的风,2,322
18,"2018-04-02 23:00:00",49,从西南偏西方向吹来的风,2,323
21,"2018-04-02 20:00:00",37,从西南偏南方向吹来的风,3,324
14,"2018-04-03 02:00:00",72,从东北偏北方向吹来的风,1,325
24,"2018-04-02 14:00:00",26,从西南偏西方向吹来的风,2,326
10,"2018-04-02 08:00:00",91,无风,0,327
22,"2018-04-02 11:00:00",31,从西南偏西方向吹来的风,6,328
25,"2018-04-02 17:00:00",18,从西南方吹来的风,6,329
9,"2018-04-02 05:00:00",92,从西南方吹来的风,1,330
13,"2018-04-02 02:00:00",61,从南方吹来的风,1,331
21,"2018-04-01 20:00:00",33,从西南方吹来的风,3,332
17,"2018-04-01 23:00:00",49,从西南偏西方向吹来的风,2,333
24,"2018-04-01 17:00:00",25,从南方吹来的风,4,334
24,"2018-04-01 14:00:00",31,从西南偏西方向吹来的风,3,335
20,"2018-04-01 11:00:00",43,从西方吹来的风,3,336
11,"2018-04-01 08:00:00",93,从西南偏西方向吹来的风,2,337
12,"2018-04-01 05:00:00",84,无风,0,338
13,"2018-04-01 02:00:00",75,从西南方吹来的风,1,339
20,"2018-03-31 20:00:00",35,从西南偏南方向吹来的风,4,340
15,"2018-03-31 23:00:00",57,从东南偏南方向吹来的风,1,341
12,"2018-03-31 08:00:00",72,从北方吹来的风,1,342
24,"2018-03-31 17:00:00",24,从南方吹来的风,4,343
23,"2018-03-31 14:00:00",24,从西方吹来的风,4,344
13,"2018-03-31 05:00:00",66,从西南偏西方向吹来的风,3,345
20,"2018-03-31 11:00:00",41,从西南偏南方向吹来的风,5,346
20,"2018-03-30 20:00:00",38,从西南偏南方向吹来的风,3,347
16,"2018-03-30 23:00:00",54,从西南方吹来的风,2,348
14,"2018-03-31 02:00:00",62,从西南偏西方向吹来的风,2,349
23,"2018-03-30 14:00:00",29,从西南偏西方向吹来的风,6,350
23,"2018-03-30 17:00:00",33,从西方吹来的风,2,351
8,"2018-03-30 05:00:00",92,从东方吹来的风,1,352
10,"2018-03-30 08:00:00",94,从西北偏北方向吹来的风,1,353
19,"2018-03-30 11:00:00",41,从西南方吹来的风,3,354
13,"2018-03-30 02:00:00",65,从西南偏西方向吹来的风,2,355
13,"2018-03-29 23:00:00",60,从东南偏南方向吹来的风,1,356
19,"2018-03-29 20:00:00",28,从西南方吹来的风,2,357
23,"2018-03-29 17:00:00",32,从西南偏南方向吹来的风,2,358
22,"2018-03-29 14:00:00",39,从南方吹来的风,2,359
9,"2018-03-29 05:00:00",87,从东北偏北方向吹来的风,1,360
9,"2018-03-29 08:00:00",96,无风,0,361
18,"2018-03-29 11:00:00",56,从西南偏南方向吹来的风,3,362
10,"2018-03-28 23:00:00",91,无风,0,363
11,"2018-03-28 20:00:00",84,从西方吹来的风,1,364
10,"2018-03-29 02:00:00",93,从西方吹来的风,2,365
16,"2018-03-28 17:00:00",63,从东北方吹来的风,3,366
16,"2018-03-28 14:00:00",62,从南方吹来的风,3,367
15,"2018-03-28 11:00:00",67,从西南偏南方向吹来的风,2,368
11,"2018-03-28 05:00:00",92,从南方吹来的风,1,369
11,"2018-03-28 08:00:00",91,从西北方吹来的风,2,370
11,"2018-03-28 02:00:00",95,无风,0,371
14,"2018-03-27 20:00:00",83,无风,0,372
13,"2018-03-27 23:00:00",90,从东北偏北方向吹来的风,2,373
16,"2018-03-27 14:00:00",71,从东北偏北方向吹来的风,3,374
15,"2018-03-27 17:00:00",68,从西南方吹来的风,3,375
17,"2018-03-27 11:00:00",73,从东南方吹来的风,3,376
12,"2018-03-27 08:00:00",96,无风,0,377
13,"2018-03-27 02:00:00",80,从东南偏东方向吹来的风,1,378
15,"2018-03-26 23:00:00",67,从东方吹来的风,2,379
14,"2018-03-27 05:00:00",81,无风,0,380
19,"2018-03-26 20:00:00",36,从西南偏南方向吹来的风,3,381
23,"2018-03-26 14:00:00",30,从西南方吹来的风,5,382
22,"2018-03-26 17:00:00",30,从西南方吹来的风,3,383
17,"2018-03-26 11:00:00",64,从东南偏南方向吹来的风,4,384
14,"2018-03-26 05:00:00",77,从东南方吹来的风,2,385
14,"2018-03-26 02:00:00",77,从东方吹来的风,3,386
14,"2018-03-26 08:00:00",79,从东南方吹来的风,2,387
16,"2018-03-25 23:00:00",65,从东方吹来的风,3,388
19,"2018-03-25 20:00:00",46,从东南偏南方向吹来的风,3,389
18,"2018-03-25 11:00:00",50,从东北方吹来的风,1,390
22,"2018-03-25 17:00:00",28,从东南偏南方向吹来的风,4,391
21,"2018-03-25 14:00:00",37,从西南偏南方向吹来的风,5,392
8,"2018-03-25 05:00:00",90,无风,0,393
19,"2018-03-24 20:00:00",43,从西南方吹来的风,5,394
9,"2018-03-25 08:00:00",95,从北方吹来的风,1,395
16,"2018-03-24 23:00:00",50,从西南方吹来的风,3,396
12,"2018-03-25 02:00:00",64,从西北偏西方向吹来的风,1,397
23,"2018-03-24 17:00:00",30,从西南偏南方向吹来的风,3,398
22,"2018-03-24 14:00:00",28,从西南偏西方向吹来的风,8,399
19,"2018-03-24 11:00:00",41,从西南偏西方向吹来的风,4,400
14,"2018-03-24 02:00:00",68,从西南方吹来的风,4,401
12,"2018-03-24 08:00:00",72,从西南偏南方向吹来的风,2,402
14,"2018-03-24 05:00:00",61,从西南偏西方向吹来的风,6,403
17,"2018-03-23 20:00:00",48,从西南方吹来的风,5,404
15,"2018-03-23 23:00:00",65,从西南方吹来的风,4,405
20,"2018-03-23 17:00:00",40,从西南偏西方向吹来的风,7,406
17,"2018-03-23 11:00:00",62,从南方吹来的风,2,407
22,"2018-03-23 14:00:00",31,从西南偏南方向吹来的风,5,408
12,"2018-03-23 08:00:00",89,从西方吹来的风,1,409
14,"2018-03-23 02:00:00",80,从东南偏南方向吹来的风,3,410
18,"2018-03-22 20:00:00",43,从南方吹来的风,2,411
11,"2018-03-23 05:00:00",91,从东南偏南方向吹来的风,1,412
15,"2018-03-22 23:00:00",68,从东南偏南方向吹来的风,4,413
19,"2018-03-22 14:00:00",46,从东南偏南方向吹来的风,3,414
21,"2018-03-22 17:00:00",38,从东南偏南方向吹来的风,4,415
14,"2018-03-22 11:00:00",68,从东南偏南方向吹来的风,1,416
11,"2018-03-22 08:00:00",79,从东南方吹来的风,2,417
11,"2018-03-22 05:00:00",77,从东方吹来的风,2,418
12,"2018-03-22 02:00:00",75,从东北偏东方向吹来的风,3,419
19,"2018-03-21 20:00:00",30,从西南方吹来的风,4,420
12,"2018-03-21 23:00:00",72,从东方吹来的风,3,421
22,"2018-03-21 14:00:00",24,从西南偏西方向吹来的风,5,422
23,"2018-03-21 17:00:00",22,从西南偏南方向吹来的风,3,423
18,"2018-03-21 11:00:00",55,从西南偏南方向吹来的风,3,424
9,"2018-03-21 08:00:00",91,从西南偏西方向吹来的风,2,425
8,"2018-03-21 05:00:00",89,从西南方吹来的风,1,426
10,"2018-03-21 02:00:00",62,从东北偏北方向吹来的风,1,427
15,"2018-03-20 23:00:00",48,从西南方吹来的风,2,428
22,"2018-03-20 14:00:00",33,从南方吹来的风,2,429
19,"2018-03-20 20:00:00",27,从西南偏南方向吹来的风,3,430
17,"2018-03-20 11:00:00",46,从东南偏南方向吹来的风,2,431
23,"2018-03-20 17:00:00",25,从东南偏南方向吹来的风,5,432
6,"2018-03-20 08:00:00",93,从西北方吹来的风,1,433
6,"2018-03-20 05:00:00",84,从西北方吹来的风,1,434
7,"2018-03-20 02:00:00",83,从北方吹来的风,1,435
20,"2018-03-19 17:00:00",30,从东南偏南方向吹来的风,3,436
9,"2018-03-19 23:00:00",79,从西南方吹来的风,2,437
13,"2018-03-19 20:00:00",53,从东北方吹来的风,1,438
20,"2018-03-19 14:00:00",33,从南方吹来的风,3,439
15,"2018-03-19 11:00:00",38,从西北偏西方向吹来的风,6,440
10,"2018-03-19 05:00:00",68,从西南偏南方向吹来的风,2,441
9,"2018-03-19 08:00:00",69,从西南方吹来的风,1,442
11,"2018-03-19 02:00:00",64,从西南方吹来的风,3,443
13,"2018-03-18 23:00:00",59,从西南方吹来的风,4,444
18,"2018-03-18 11:00:00",44,从西南偏西方向吹来的风,5,445
16,"2018-03-18 20:00:00",46,从西南偏西方向吹来的风,5,446
12,"2018-03-18 05:00:00",64,从西南方吹来的风,2,447
19,"2018-03-18 17:00:00",37,从西北偏西方向吹来的风,9,448
21,"2018-03-18 14:00:00",30,从西南方吹来的风,7,449
12,"2018-03-18 02:00:00",66,从西南偏南方向吹来的风,2,450
11,"2018-03-18 08:00:00",71,从西南方吹来的风,2,451
15,"2018-03-17 23:00:00",55,从西南偏南方向吹来的风,2,452
19,"2018-03-17 14:00:00",44,从南方吹来的风,3,453
16,"2018-03-17 20:00:00",54,从西南方吹来的风,3,454
17,"2018-03-17 11:00:00",54,从西南偏西方向吹来的风,4,455
19,"2018-03-17 17:00:00",46,从西南偏西方向吹来的风,6,456
10,"2018-03-17 08:00:00",91,无风,0,457
12,"2018-03-16 23:00:00",86,从西北偏西方向吹来的风,1,458
11,"2018-03-17 02:00:00",87,从西方吹来的风,2,459
9,"2018-03-17 05:00:00",92,从西北偏北方向吹来的风,2,460
14,"2018-03-16 20:00:00",75,从西方吹来的风,5,461
19,"2018-03-16 17:00:00",39,从西南方吹来的风,7,462
20,"2018-03-16 14:00:00",37,从西南方吹来的风,4,463
9,"2018-03-16 05:00:00",79,从西南偏南方向吹来的风,1,464
10,"2018-03-16 02:00:00",70,无风,0,465
18,"2018-03-16 11:00:00",48,从东南偏南方向吹来的风,4,466
9,"2018-03-16 08:00:00",82,从西南方吹来的风,1,467
15,"2018-03-15 23:00:00",54,从东南偏南方向吹来的风,3,468
18,"2018-03-15 20:00:00",36,从西南偏南方向吹来的风,3,469
21,"2018-03-15 14:00:00",33,从南方吹来的风,3,470
22,"2018-03-15 17:00:00",25,从西南偏南方向吹来的风,2,471
7,"2018-03-15 08:00:00",94,无风,0,472
8,"2018-03-15 05:00:00",85,从南方吹来的风,1,473
17,"2018-03-15 11:00:00",49,从西南偏南方向吹来的风,2,474
11,"2018-03-15 02:00:00",67,从西方吹来的风,2,475
15,"2018-03-14 23:00:00",47,从西南偏西方向吹来的风,4,476
18,"2018-03-14 20:00:00",31,从西南偏南方向吹来的风,3,477
20,"2018-03-14 17:00:00",30,从南方吹来的风,3,478
16,"2018-03-14 11:00:00",41,从西南方吹来的风,4,479
20,"2018-03-14 14:00:00",30,从南方吹来的风,5,480
9,"2018-03-14 08:00:00",67,从西方吹来的风,2,481
9,"2018-03-14 05:00:00",68,从西南偏西方向吹来的风,2,482
16,"2018-03-13 20:00:00",44,从西南方吹来的风,2,483
9,"2018-03-14 02:00:00",69,从南方吹来的风,2,484
13,"2018-03-13 23:00:00",53,从西南偏西方向吹来的风,4,485
16,"2018-03-13 11:00:00",40,从西南方吹来的风,5,486
9,"2018-03-13 08:00:00",76,从西南方吹来的风,3,487
19,"2018-03-13 17:00:00",32,从西南偏西方向吹来的风,4,488
18,"2018-03-13 14:00:00",33,从西南方吹来的风,4,489
7,"2018-03-13 05:00:00",85,从西南方吹来的风,1,490
8,"2018-03-13 02:00:00",81,从东方吹来的风,1,491
13,"2018-03-12 23:00:00",50,从西南偏西方向吹来的风,2,492
16,"2018-03-12 20:00:00",39,从西南偏南方向吹来的风,3,493
21,"2018-03-12 14:00:00",30,从西南方吹来的风,7,494
11,"2018-03-12 08:00:00",84,从西南偏南方向吹来的风,2,495
20,"2018-03-12 17:00:00",31,从西南方吹来的风,5,496
9,"2018-03-12 05:00:00",87,从西南偏南方向吹来的风,1,497
16,"2018-03-12 11:00:00",59,从南方吹来的风,2,498
10,"2018-03-12 02:00:00",86,从西南偏南方向吹来的风,1,499
12,"2018-03-11 23:00:00",64,从南方吹来的风,1,500
17,"2018-03-11 20:00:00",45,从西南偏南方向吹来的风,4,501
19,"2018-03-11 17:00:00",41,从西北方吹来的风,6,502
19,"2018-03-11 14:00:00",31,从西南偏西方向吹来的风,6,503
6,"2018-03-11 05:00:00",96,从西北偏北方向吹来的风,1,504
7,"2018-03-11 08:00:00",97,从北方吹来的风,1,505
15,"2018-03-11 11:00:00",61,从西南偏南方向吹来的风,4,506
10,"2018-03-11 02:00:00",84,从西南偏西方向吹来的风,2,507
14,"2018-03-10 20:00:00",60,从西南方吹来的风,4,508
12,"2018-03-10 23:00:00",74,从西南方吹来的风,2,509
10,"2018-03-10 08:00:00",79,从西南方吹来的风,1,510
18,"2018-03-10 17:00:00",45,从西南方吹来的风,5,511
13,"2018-03-10 11:00:00",68,从西南方吹来的风,4,512
16,"2018-03-10 14:00:00",54,从西南方吹来的风,6,513
10,"2018-03-10 05:00:00",78,从西南偏南方向吹来的风,1,514
12,"2018-03-10 02:00:00",68,从东南偏南方向吹来的风,2,515
12,"2018-03-09 23:00:00",67,从南方吹来的风,3,516
13,"2018-03-09 20:00:00",55,从东南偏南方向吹来的风,2,517
14,"2018-03-09 14:00:00",42,从东南偏南方向吹来的风,2,518
8,"2018-03-09 08:00:00",67,从东方吹来的风,3,519
17,"2018-03-09 17:00:00",41,从东南方吹来的风,3,520
8,"2018-03-09 05:00:00",69,从东南偏东方向吹来的风,3,521
10,"2018-03-09 11:00:00",57,从南方吹来的风,3,522
9,"2018-03-09 02:00:00",66,从东方吹来的风,4,523
11,"2018-03-08 23:00:00",61,从东南偏东方向吹来的风,2,524
16,"2018-03-08 17:00:00",37,从东南方吹来的风,4,525
11,"2018-03-08 20:00:00",55,从西北偏西方向吹来的风,1,526
14,"2018-03-08 14:00:00",39,从西南方吹来的风,2,527
11,"2018-03-08 11:00:00",41,从东方吹来的风,3,528
7,"2018-03-08 08:00:00",58,从东南偏东方向吹来的风,3,529
8,"2018-03-08 05:00:00",62,从东方吹来的风,3,530
12,"2018-03-07 23:00:00",54,从东北方吹来的风,4,531
9,"2018-03-08 02:00:00",60,从东北方吹来的风,5,532
17,"2018-03-07 20:00:00",35,从西南偏南方向吹来的风,1,533
22,"2018-03-07 17:00:00",25,从西南偏西方向吹来的风,5,534
18,"2018-03-07 11:00:00",42,从西南方吹来的风,3,535
21,"2018-03-07 14:00:00",28,从西南偏西方向吹来的风,5,536
9,"2018-03-07 08:00:00",81,从西北偏西方向吹来的风,1,537
11,"2018-03-07 05:00:00",72,从西南偏西方向吹来的风,2,538
13,"2018-03-07 02:00:00",61,从西南方吹来的风,2,539
14,"2018-03-06 23:00:00",54,从西南偏南方向吹来的风,2,540
17,"2018-03-06 20:00:00",49,从西方吹来的风,5,541
22,"2018-03-06 14:00:00",25,从西南偏西方向吹来的风,6,542
22,"2018-03-06 17:00:00",25,从西南方吹来的风,4,543
19,"2018-03-06 11:00:00",34,从西南方吹来的风,5,544
9,"2018-03-06 08:00:00",73,无风,0,545
12,"2018-03-06 05:00:00",59,从西南偏西方向吹来的风,3,546
13,"2018-03-06 02:00:00",54,从西南偏西方向吹来的风,3,547
14,"2018-03-05 23:00:00",50,从西方吹来的风,1,548
20,"2018-03-05 20:00:00",23,从西南方吹来的风,3,549
24,"2018-03-05 17:00:00",21,从西方吹来的风,4,550
23,"2018-03-05 14:00:00",24,从西南偏西方向吹来的风,5,551
11,"2018-03-05 02:00:00",67,从西南偏西方向吹来的风,2,552
9,"2018-03-05 08:00:00",68,从西南方吹来的风,2,553
18,"2018-03-05 11:00:00",37,从西南偏西方向吹来的风,6,554
11,"2018-03-05 05:00:00",65,从西南偏西方向吹来的风,2,555
17,"2018-03-04 20:00:00",43,从西南方吹来的风,2,556
20,"2018-03-04 14:00:00",37,从西南偏西方向吹来的风,8,557
21,"2018-03-04 17:00:00",36,从西南偏西方向吹来的风,7,558
10,"2018-03-04 23:00:00",72,从西南偏西方向吹来的风,2,559
17,"2018-03-04 11:00:00",44,从西南偏西方向吹来的风,7,560
9,"2018-03-04 02:00:00",85,从西南方吹来的风,2,561
8,"2018-03-04 05:00:00",85,从北方吹来的风,1,562
10,"2018-03-04 08:00:00",66,从西南偏南方向吹来的风,1,563
10,"2018-03-03 23:00:00",82,从西南方吹来的风,3,564
21,"2018-03-03 17:00:00",28,从西南偏西方向吹来的风,4,565
16,"2018-03-03 20:00:00",42,从西方吹来的风,5,566
22,"2018-03-03 14:00:00",24,从西南方吹来的风,7,567
10,"2018-03-03 05:00:00",72,无风,0,568
14,"2018-03-03 02:00:00",52,从西南方吹来的风,3,569
19,"2018-03-03 11:00:00",37,从西南偏西方向吹来的风,5,570
9,"2018-03-03 08:00:00",79,从西方吹来的风,1,571
22,"2018-03-02 17:00:00",27,从西南偏西方向吹来的风,7,572
22,"2018-03-02 14:00:00",30,从西南偏西方向吹来的风,6,573
19,"2018-03-02 20:00:00",34,从西南方吹来的风,2,574
16,"2018-03-02 23:00:00",43,从西南方吹来的风,3,575
11,"2018-03-02 05:00:00",58,从西方吹来的风,1,576
11,"2018-03-02 02:00:00",60,从西方吹来的风,1,577
18,"2018-03-02 11:00:00",34,从西南方吹来的风,4,578
8,"2018-03-02 08:00:00",72,从东北偏东方向吹来的风,1,579
16,"2018-03-01 23:00:00",44,从西南偏西方向吹来的风,2,580
23,"2018-03-01 14:00:00",23,从西南方吹来的风,5,581
23,"2018-03-01 17:00:00",22,从西南方吹来的风,4,582
19,"2018-03-01 20:00:00",31,从西南偏南方向吹来的风,2,583
9,"2018-03-01 08:00:00",72,从西方吹来的风,2,584
17,"2018-03-01 11:00:00",40,从西南方吹来的风,6,585
11,"2018-03-01 05:00:00",62,从西南偏西方向吹来的风,1,586
10,"2018-03-01 02:00:00",77,从西北方吹来的风,1,587
22,"2018-02-28 14:00:00",28,从东南方吹来的风,3,588
13,"2018-02-28 23:00:00",51,从南方吹来的风,1,589
24,"2018-02-28 17:00:00",13,从西南方吹来的风,7,590
19,"2018-02-28 20:00:00",30,从南方吹来的风,4,591
17,"2018-02-28 11:00:00",40,从西南偏南方向吹来的风,3,592
8,"2018-02-28 08:00:00",68,从西北偏西方向吹来的风,2,593
9,"2018-02-28 05:00:00",61,从西南偏西方向吹来的风,1,594
11,"2018-02-28 02:00:00",51,从西南方吹来的风,2,595
16,"2018-02-27 20:00:00",37,从西南偏西方向吹来的风,2,596
20,"2018-02-27 17:00:00",26,从西南方吹来的风,7,597
20,"2018-02-27 14:00:00",25,从西南偏西方向吹来的风,6,598
13,"2018-02-27 23:00:00",49,从西南偏西方向吹来的风,2,599
12,"2018-02-27 02:00:00",63,从西南偏西方向吹来的风,2,600
14,"2018-02-27 11:00:00",59,从西南偏西方向吹来的风,4,601
12,"2018-02-27 08:00:00",60,从西北方吹来的风,4,602
10,"2018-02-27 05:00:00",71,从西南方吹来的风,1,603
17,"2018-02-26 20:00:00",40,从西南方吹来的风,4,604
21,"2018-02-26 17:00:00",26,从西南方吹来的风,5,605
21,"2018-02-26 14:00:00",31,从西南偏西方向吹来的风,6,606
13,"2018-02-26 23:00:00",59,从西南偏西方向吹来的风,1,607
16,"2018-02-26 11:00:00",47,从西南方吹来的风,5,608
6,"2018-02-26 05:00:00",88,从西方吹来的风,1,609
8,"2018-02-26 02:00:00",75,从西北偏西方向吹来的风,1,610
7,"2018-02-26 08:00:00",87,从西北偏西方向吹来的风,1,611
13,"2018-02-25 23:00:00",52,从西南方吹来的风,3,612
19,"2018-02-25 14:00:00",29,从东南方吹来的风,2,613
17,"2018-02-25 20:00:00",33,从南方吹来的风,3,614
21,"2018-02-25 17:00:00",22,从南方吹来的风,3,615
9,"2018-02-25 05:00:00",61,从西南偏西方向吹来的风,2,616
16,"2018-02-25 11:00:00",39,从南方吹来的风,2,617
4,"2018-02-25 08:00:00",85,从西北方吹来的风,1,618
8,"2018-02-25 02:00:00",71,从西北偏西方向吹来的风,2,619
16,"2018-02-24 20:00:00",37,从西南偏西方向吹来的风,3,620
12,"2018-02-24 23:00:00",58,从西南方吹来的风,1,621
20,"2018-02-24 14:00:00",26,从西南偏西方向吹来的风,4,622
20,"2018-02-24 17:00:00",26,从西南偏西方向吹来的风,6,623
11,"2018-02-24 05:00:00",56,从西南方吹来的风,3,624
12,"2018-02-24 02:00:00",53,从西南方吹来的风,2,625
5,"2018-02-24 08:00:00",88,从东北偏东方向吹来的风,1,626
17,"2018-02-24 11:00:00",34,从西南方吹来的风,4,627
14,"2018-02-23 23:00:00",45,从西南方吹来的风,4,628
19,"2018-02-23 17:00:00",30,从西南方吹来的风,6,629
16,"2018-02-23 20:00:00",36,从西南方吹来的风,4,630
20,"2018-02-23 14:00:00",27,从西南偏西方向吹来的风,7,631
7,"2018-02-23 02:00:00",77,从东南偏东方向吹来的风,2,632
14,"2018-02-23 11:00:00",59,从东南偏南方向吹来的风,4,633
4,"2018-02-23 08:00:00",94,从西南方吹来的风,1,634
6,"2018-02-23 05:00:00",86,从东南偏东方向吹来的风,1,635
10,"2018-02-22 23:00:00",63,从东南方吹来的风,2,636
22,"2018-02-22 17:00:00",19,从西南偏西方向吹来的风,3,637
20,"2018-02-22 14:00:00",23,从西南偏南方向吹来的风,3,638
17,"2018-02-22 20:00:00",30,从西南偏南方向吹来的风,3,639
16,"2018-02-22 11:00:00",35,从东南偏南方向吹来的风,1,640
5,"2018-02-22 08:00:00",81,无风,0,641
12,"2018-02-22 02:00:00",53,从西方吹来的风,3,642
5,"2018-02-22 05:00:00",86,从西北偏北方向吹来的风,1,643
14,"2018-02-21 23:00:00",38,从西南方吹来的风,2,644
21,"2018-02-21 17:00:00",21,从西南方吹来的风,5,645
17,"2018-02-21 20:00:00",29,从西南方吹来的风,4,646
20,"2018-02-21 14:00:00",24,从西南方吹来的风,4,647
7,"2018-02-21 05:00:00",75,无风,0,648
9,"2018-02-21 08:00:00",71,从西北偏西方向吹来的风,3,649
9,"2018-02-21 02:00:00",62,从西南偏南方向吹来的风,1,650
17,"2018-02-21 11:00:00",33,从西南方吹来的风,6,651
8,"2018-02-20 23:00:00",66,无风,0,652
17,"2018-02-20 20:00:00",31,从西南偏南方向吹来的风,2,653
22,"2018-02-20 17:00:00",23,从西南方吹来的风,3,654
20,"2018-02-20 14:00:00",25,从西南方吹来的风,5,655
17,"2018-02-20 11:00:00",38,从西南方吹来的风,4,656
6,"2018-02-20 08:00:00",88,从西方吹来的风,2,657
4,"2018-02-20 05:00:00",88,从南方吹来的风,1,658
9,"2018-02-20 02:00:00",69,从西方吹来的风,2,659
19,"2018-02-19 14:00:00",27,从西南方吹来的风,4,660
16,"2018-02-19 20:00:00",37,从南方吹来的风,4,661
20,"2018-02-19 17:00:00",24,从西南方吹来的风,5,662
13,"2018-02-19 23:00:00",47,从西南偏南方向吹来的风,1,663
5,"2018-02-19 05:00:00",89,无风,0,664
16,"2018-02-19 11:00:00",38,从西南方吹来的风,3,665
9,"2018-02-19 02:00:00",69,无风,0,666
4,"2018-02-19 08:00:00",91,无风,0,667
21,"2018-02-18 14:00:00",25,从西南偏西方向吹来的风,7,668
20,"2018-02-18 17:00:00",23,从西南偏西方向吹来的风,7,669
13,"2018-02-18 23:00:00",49,从西南偏西方向吹来的风,2,670
17,"2018-02-18 20:00:00",34,从西南偏南方向吹来的风,4,671
16,"2018-02-18 11:00:00",43,从南方吹来的风,3,672
4,"2018-02-18 08:00:00",86,无风,0,673
10,"2018-02-18 02:00:00",61,从西南偏西方向吹来的风,2,674
9,"2018-02-18 05:00:00",63,从西南偏西方向吹来的风,3,675
22,"2018-02-17 14:00:00",20,从西南偏南方向吹来的风,5,676
17,"2018-02-17 20:00:00",32,从南方吹来的风,2,677
22,"2018-02-17 17:00:00",16,从西南方吹来的风,7,678
12,"2018-02-17 23:00:00",51,从西南偏西方向吹来的风,3,679
16,"2018-02-17 11:00:00",38,从西南偏南方向吹来的风,7,680
12,"2018-02-17 02:00:00",41,从西方吹来的风,2,681
8,"2018-02-17 05:00:00",57,从西方吹来的风,1,682
8,"2018-02-17 08:00:00",64,从西北偏西方向吹来的风,2,683
11,"2018-02-16 23:00:00",39,从西南偏南方向吹来的风,1,684
20,"2018-02-16 14:00:00",30,从南方吹来的风,4,685
11,"2018-02-16 20:00:00",42,从西南偏西方向吹来的风,2,686
21,"2018-02-16 17:00:00",13,从东南偏南方向吹来的风,4,687
9,"2018-02-16 05:00:00",54,从西北偏西方向吹来的风,2,688
6,"2018-02-16 08:00:00",72,从西北偏北方向吹来的风,2,689
14,"2018-02-16 11:00:00",38,从西北偏北方向吹来的风,1,690
7,"2018-02-16 02:00:00",59,从东北偏北方向吹来的风,1,691
15,"2018-02-15 20:00:00",27,从西南方吹来的风,4,692
10,"2018-02-15 23:00:00",44,无风,0,693
18,"2018-02-15 14:00:00",32,从西方吹来的风,8,694
18,"2018-02-15 17:00:00",21,从西南偏西方向吹来的风,9,695
16,"2018-02-15 11:00:00",37,从西南偏西方向吹来的风,8,696
11,"2018-02-15 05:00:00",50,从西南方吹来的风,3,697
14,"2018-02-15 02:00:00",44,从西南方吹来的风,2,698
10,"2018-02-15 08:00:00",51,从西南方吹来的风,2,699
15,"2018-02-14 23:00:00",40,从西南偏南方向吹来的风,2,700
22,"2018-02-14 17:00:00",25,从西南偏西方向吹来的风,9,701
21,"2018-02-14 14:00:00",29,从西南偏西方向吹来的风,8,702
18,"2018-02-14 20:00:00",35,从西南偏西方向吹来的风,5,703
10,"2018-02-14 08:00:00",69,从西南偏南方向吹来的风,3,704
16,"2018-02-14 11:00:00",40,从西南方吹来的风,6,705
12,"2018-02-14 02:00:00",65,从西南方吹来的风,2,706
11,"2018-02-14 05:00:00",67,从西南方吹来的风,3,707
22,"2018-02-13 17:00:00",24,从西南方吹来的风,6,708
22,"2018-02-13 14:00:00",21,从西南方吹来的风,5,709
17,"2018-02-13 20:00:00",38,从西南方吹来的风,3,710
14,"2018-02-13 23:00:00",56,从西南偏南方向吹来的风,4,711
4,"2018-02-13 08:00:00",92,无风,0,712
16,"2018-02-13 11:00:00",42,从西南方吹来的风,5,713
9,"2018-02-13 02:00:00",78,从西南方吹来的风,2,714
7,"2018-02-13 05:00:00",91,从西南方吹来的风,2,715
19,"2018-02-12 17:00:00",24,从西南偏南方向吹来的风,3,716
10,"2018-02-12 23:00:00",74,从西方吹来的风,1,717
15,"2018-02-12 20:00:00",42,从南方吹来的风,3,718
17,"2018-02-12 14:00:00",43,从东南偏南方向吹来的风,4,719
12,"2018-02-12 11:00:00",68,从南方吹来的风,4,720
3,"2018-02-12 02:00:00",90,无风,0,721
3,"2018-02-12 08:00:00",97,从西方吹来的风,1,722
3,"2018-02-12 05:00:00",95,从西北偏北方向吹来的风,1,723
19,"2018-02-11 17:00:00",25,从西南方吹来的风,4,724
14,"2018-02-11 20:00:00",37,从西南方吹来的风,3,725
19,"2018-02-11 14:00:00",19,从西南方吹来的风,4,726
6,"2018-02-11 23:00:00",72,无风,0,727
14,"2018-02-11 11:00:00",36,从西南偏南方向吹来的风,5,728
6,"2018-02-11 08:00:00",70,从西南方吹来的风,3,729
4,"2018-02-11 05:00:00",85,无风,0,730
4,"2018-02-11 02:00:00",89,无风,0,731
7,"2018-02-10 23:00:00",70,无风,0,732
14,"2018-02-10 20:00:00",41,从西南方吹来的风,3,733
17,"2018-02-10 14:00:00",30,从西南偏西方向吹来的风,10,734
17,"2018-02-10 17:00:00",32,从西南偏西方向吹来的风,5,735
13,"2018-02-10 11:00:00",45,从西南偏西方向吹来的风,4,736
11,"2018-02-10 05:00:00",48,从西南偏西方向吹来的风,3,737
11,"2018-02-10 02:00:00",46,从西南方吹来的风,3,738
11,"2018-02-10 08:00:00",45,从西南偏西方向吹来的风,6,739
12,"2018-02-09 23:00:00",46,从西南方吹来的风,3,740
18,"2018-02-09 14:00:00",30,从西南偏西方向吹来的风,4,741
15,"2018-02-09 20:00:00",38,从西南偏南方向吹来的风,5,742
19,"2018-02-09 17:00:00",27,从西南方吹来的风,8,743
14,"2018-02-09 11:00:00",38,从西方吹来的风,7,744
11,"2018-02-09 02:00:00",60,从西南方吹来的风,4,745
8,"2018-02-09 08:00:00",63,从西南方吹来的风,3,746
10,"2018-02-09 05:00:00",56,从西南偏西方向吹来的风,4,747
14,"2018-02-08 20:00:00",51,从西南方吹来的风,5,748
11,"2018-02-08 23:00:00",60,从西南方吹来的风,3,749
15,"2018-02-08 14:00:00",45,从西南偏西方向吹来的风,5,750
16,"2018-02-08 17:00:00",43,从西南偏西方向吹来的风,7,751
3,"2018-02-08 11:00:00",95,无风,0,752
1,"2018-02-08 05:00:00",94,从东南偏东方向吹来的风,1,753
1,"2018-02-08 08:00:00",96,无风,0,754
1,"2018-02-08 02:00:00",95,从东南偏东方向吹来的风,2,755
2,"2018-02-07 23:00:00",92,从东南偏东方向吹来的风,2,756
4,"2018-02-07 17:00:00",80,从东南偏东方向吹来的风,3,757
4,"2018-02-07 14:00:00",83,从东北偏东方向吹来的风,2,758
3,"2018-02-07 20:00:00",86,从东方吹来的风,2,759
4,"2018-02-07 02:00:00",86,从东南方吹来的风,2,760
3,"2018-02-07 05:00:00",89,从东方吹来的风,2,761
3,"2018-02-07 11:00:00",87,从东北偏东方向吹来的风,3,762
3,"2018-02-07 08:00:00",90,从东北偏东方向吹来的风,2,763
5,"2018-02-06 23:00:00",84,从东北偏东方向吹来的风,2,764
6,"2018-02-06 20:00:00",86,从东南偏南方向吹来的风,3,765
5,"2018-02-06 14:00:00",82,从东南偏南方向吹来的风,2,766
9,"2018-02-06 17:00:00",69,从东南偏南方向吹来的风,2,767
2,"2018-02-06 11:00:00",88,无风,0,768
1,"2018-02-06 08:00:00",95,从南方吹来的风,1,769
0,"2018-02-06 05:00:00",96,从东南偏东方向吹来的风,1,770
0,"2018-02-06 02:00:00",93,从东方吹来的风,2,771
1,"2018-02-05 23:00:00",82,从东方吹来的风,1,772
1,"2018-02-05 20:00:00",74,从东南偏东方向吹来的风,2,773
0,"2018-02-05 14:00:00",70,从东南偏东方向吹来的风,2,774
1,"2018-02-05 17:00:00",67,从东南偏南方向吹来的风,1,775
-1,"2018-02-05 11:00:00",79,从东北偏东方向吹来的风,2,776
0,"2018-02-05 02:00:00",82,从东方吹来的风,3,777
-1,"2018-02-05 08:00:00",86,从东北偏东方向吹来的风,3,778
-1,"2018-02-05 05:00:00",89,从东北偏东方向吹来的风,3,779
2,"2018-02-04 20:00:00",87,从东北偏东方向吹来的风,3,780
2,"2018-02-04 17:00:00",86,从东方吹来的风,2,781
2,"2018-02-04 23:00:00",90,从东南偏东方向吹来的风,3,782
2,"2018-02-04 14:00:00",87,从东方吹来的风,3,783
2,"2018-02-04 11:00:00",87,从东方吹来的风,2,784
2,"2018-02-04 08:00:00",91,从东方吹来的风,2,785
2,"2018-02-04 02:00:00",95,从东北偏东方向吹来的风,1,786
2,"2018-02-04 05:00:00",95,从东北偏东方向吹来的风,1,787
3,"2018-02-03 20:00:00",80,从东方吹来的风,1,788
2,"2018-02-03 17:00:00",84,从东南方吹来的风,1,789
3,"2018-02-03 23:00:00",84,从东北方吹来的风,1,790
1,"2018-02-03 14:00:00",77,从东南方吹来的风,1,791
-1,"2018-02-03 11:00:00",87,从东北偏东方向吹来的风,1,792
-2,"2018-02-03 08:00:00",90,从东南偏东方向吹来的风,2,793
-2,"2018-02-03 05:00:00",82,从东北偏东方向吹来的风,2,794
-2,"2018-02-03 02:00:00",79,从东北偏东方向吹来的风,2,795
-1,"2018-02-02 17:00:00",73,从东北偏东方向吹来的风,4,796
-1,"2018-02-02 14:00:00",71,从东北偏东方向吹来的风,5,797
-1,"2018-02-02 23:00:00",75,从东北偏东方向吹来的风,2,798
-2,"2018-02-02 20:00:00",73,从东方吹来的风,2,799
1,"2018-02-02 08:00:00",73,从东北方吹来的风,5,800
8,"2018-02-02 02:00:00",79,从东南方吹来的风,1,801
-1,"2018-02-02 11:00:00",71,从东北偏东方向吹来的风,5,802
3,"2018-02-02 05:00:00",73,从东北偏东方向吹来的风,5,803
9,"2018-02-01 20:00:00",62,从南方吹来的风,3,804
8,"2018-02-01 23:00:00",76,从东南方吹来的风,2,805
11,"2018-02-01 17:00:00",53,从西南方吹来的风,4,806
12,"2018-02-01 14:00:00",50,从西南方吹来的风,4,807
5,"2018-02-01 11:00:00",75,从南方吹来的风,1,808
3,"2018-02-01 08:00:00",77,从西南方吹来的风,2,809
3,"2018-02-01 02:00:00",70,从东南偏东方向吹来的风,2,810
3,"2018-02-01 05:00:00",78,从西南偏南方向吹来的风,1,811
4,"2018-01-31 23:00:00",66,从东南偏东方向吹来的风,2,812
4,"2018-01-31 20:00:00",66,从南方吹来的风,1,813
3,"2018-01-31 14:00:00",54,从东北偏东方向吹来的风,3,814
5,"2018-01-31 17:00:00",55,从东南偏南方向吹来的风,3,815
1,"2018-01-31 08:00:00",72,从东北偏东方向吹来的风,6,816
3,"2018-01-31 05:00:00",73,从东北偏东方向吹来的风,5,817
0,"2018-01-31 11:00:00",63,从东方吹来的风,5,818
5,"2018-01-31 02:00:00",76,从东北方吹来的风,3,819
13,"2018-01-30 20:00:00",33,从西南偏南方向吹来的风,3,820
15,"2018-01-30 14:00:00",27,从西南方吹来的风,6,821
16,"2018-01-30 17:00:00",26,从西南方吹来的风,6,822
4,"2018-01-30 23:00:00",79,从西南偏南方向吹来的风,1,823
4,"2018-01-30 05:00:00",82,无风,0,824
4,"2018-01-30 08:00:00",83,无风,0,825
4,"2018-01-30 02:00:00",82,从东方吹来的风,2,826
9,"2018-01-30 11:00:00",66,从东南方吹来的风,2,827
3,"2018-01-29 23:00:00",82,从东方吹来的风,2,828
6,"2018-01-29 20:00:00",73,从东南方吹来的风,3,829
12,"2018-01-29 14:00:00",54,从东南偏东方向吹来的风,3,830
12,"2018-01-29 17:00:00",53,从东南偏南方向吹来的风,3,831
7,"2018-01-29 11:00:00",68,从东方吹来的风,2,832
3,"2018-01-29 08:00:00",82,从东方吹来的风,2,833
4,"2018-01-29 05:00:00",75,从东北偏东方向吹来的风,2,834
5,"2018-01-29 02:00:00",82,从西北偏北方向吹来的风,1,835
5,"2018-01-28 23:00:00",71,无风,0,836
17,"2018-01-28 17:00:00",20,从西南偏南方向吹来的风,5,837
13,"2018-01-28 20:00:00",31,从西南偏南方向吹来的风,2,838
16,"2018-01-28 14:00:00",23,从西南方吹来的风,4,839
13,"2018-01-28 11:00:00",33,从西南方吹来的风,3,840
5,"2018-01-28 08:00:00",70,从西南偏西方向吹来的风,3,841
4,"2018-01-28 05:00:00",78,从西南偏西方向吹来的风,2,842
6,"2018-01-28 02:00:00",60,无风,0,843
10,"2018-01-27 23:00:00",44,从西南方吹来的风,2,844
17,"2018-01-27 14:00:00",22,从西南偏西方向吹来的风,7,845
17,"2018-01-27 17:00:00",23,从西南偏西方向吹来的风,10,846
13,"2018-01-27 20:00:00",33,从西南偏南方向吹来的风,3,847
14,"2018-01-27 11:00:00",42,从西南方吹来的风,4,848
5,"2018-01-27 05:00:00",77,从西北偏西方向吹来的风,1,849
3,"2018-01-27 08:00:00",90,从西方吹来的风,2,850
10,"2018-01-27 02:00:00",52,从西南方吹来的风,3,851
12,"2018-01-26 23:00:00",46,从西南方吹来的风,3,852
18,"2018-01-26 14:00:00",29,从西南偏西方向吹来的风,5,853
14,"2018-01-26 20:00:00",42,从西南偏南方向吹来的风,2,854
18,"2018-01-26 17:00:00",25,从西南偏西方向吹来的风,7,855
14,"2018-01-26 11:00:00",48,从西南方吹来的风,2,856
7,"2018-01-26 05:00:00",76,从西南方吹来的风,2,857
6,"2018-01-26 08:00:00",80,从西南偏西方向吹来的风,2,858
6,"2018-01-26 02:00:00",79,从西南方吹来的风,2,859
19,"2018-01-25 17:00:00",25,从西南方吹来的风,7,860
8,"2018-01-25 23:00:00",69,从西南偏西方向吹来的风,1,861
14,"2018-01-25 20:00:00",40,从南方吹来的风,3,862
19,"2018-01-25 14:00:00",24,从西南方吹来的风,5,863
14,"2018-01-25 11:00:00",45,从南方吹来的风,2,864
3,"2018-01-25 08:00:00",89,从西北偏西方向吹来的风,1,865
8,"2018-01-25 05:00:00",66,从西南方吹来的风,3,866
11,"2018-01-25 02:00:00",54,从西南偏西方向吹来的风,3,867
13,"2018-01-24 23:00:00",46,从西南偏西方向吹来的风,8,868
16,"2018-01-24 20:00:00",28,从西南方吹来的风,4,869
20,"2018-01-24 17:00:00",17,从西南方吹来的风,7,870
20,"2018-01-24 14:00:00",27,从西南方吹来的风,4,871
6,"2018-01-24 05:00:00",77,从西南偏西方向吹来的风,2,872
13,"2018-01-24 11:00:00",52,从西南偏南方向吹来的风,4,873
6,"2018-01-24 08:00:00",82,从西南方吹来的风,3,874
8,"2018-01-24 02:00:00",68,从西南偏西方向吹来的风,2,875
13,"2018-01-23 20:00:00",35,从西南偏西方向吹来的风,3,876
17,"2018-01-23 14:00:00",33,从南方吹来的风,1,877
10,"2018-01-23 23:00:00",58,从西方吹来的风,2,878
19,"2018-01-23 17:00:00",24,从西南方吹来的风,2,879
12,"2018-01-23 11:00:00",48,从西南偏南方向吹来的风,4,880
4,"2018-01-23 08:00:00",87,从西南偏西方向吹来的风,2,881
5,"2018-01-23 05:00:00",83,从西南偏西方向吹来的风,1,882
6,"2018-01-23 02:00:00",77,从西南偏南方向吹来的风,2,883
8,"2018-01-22 23:00:00",66,从西南偏西方向吹来的风,2,884
18,"2018-01-22 17:00:00",30,从西南方吹来的风,3,885
13,"2018-01-22 20:00:00",44,从西南方吹来的风,3,886
17,"2018-01-22 14:00:00",37,从西南方吹来的风,4,887
5,"2018-01-22 08:00:00",85,从西北方吹来的风,2,888
13,"2018-01-22 11:00:00",55,从西南偏南方向吹来的风,4,889
4,"2018-01-22 05:00:00",87,从西南偏西方向吹来的风,1,890
5,"2018-01-22 02:00:00",86,无风,0,891
10,"2018-01-21 23:00:00",56,从西南方吹来的风,2,892
11,"2018-01-21 20:00:00",61,从西方吹来的风,2,893
17,"2018-01-21 17:00:00",37,从南方吹来的风,3,894
16,"2018-01-21 14:00:00",37,从西南偏西方向吹来的风,3,895
7,"2018-01-21 02:00:00",81,无风,0,896
13,"2018-01-21 11:00:00",52,从西南偏南方向吹来的风,3,897
6,"2018-01-21 08:00:00",94,从西北偏北方向吹来的风,1,898
8,"2018-01-21 05:00:00",83,从西方吹来的风,2,899
11,"2018-01-20 23:00:00",66,从西南偏西方向吹来的风,3,900
14,"2018-01-20 20:00:00",47,从西南方吹来的风,3,901
19,"2018-01-20 17:00:00",31,从西南偏西方向吹来的风,5,902
18,"2018-01-20 14:00:00",36,从西南偏南方向吹来的风,7,903
8,"2018-01-20 02:00:00",83,从西南偏西方向吹来的风,1,904
12,"2018-01-20 11:00:00",67,从西南方吹来的风,3,905
4,"2018-01-20 08:00:00",96,从西南偏西方向吹来的风,1,906
6,"2018-01-20 05:00:00",89,从西南方吹来的风,2,907
18,"2018-01-19 17:00:00",36,从西南偏南方向吹来的风,4,908
16,"2018-01-19 14:00:00",48,从东南偏南方向吹来的风,4,909
11,"2018-01-19 23:00:00",67,从西南偏南方向吹来的风,2,910
14,"2018-01-19 20:00:00",53,从西南偏南方向吹来的风,4,911
13,"2018-01-19 11:00:00",63,从东南偏南方向吹来的风,5,912
7,"2018-01-19 08:00:00",95,无风,0,913
6,"2018-01-19 05:00:00",95,无风,0,914
6,"2018-01-19 02:00:00",90,从西方吹来的风,1,915
12,"2018-01-18 20:00:00",56,从西南偏南方向吹来的风,1,916
17,"2018-01-18 17:00:00",42,从西南方吹来的风,4,917
15,"2018-01-18 14:00:00",46,从西南方吹来的风,4,918
5,"2018-01-18 23:00:00",86,无风,0,919
11,"2018-01-18 11:00:00",68,从西南方吹来的风,2,920
7,"2018-01-18 08:00:00",84,从西南偏西方向吹来的风,3,921
7,"2018-01-18 05:00:00",84,从西方吹来的风,1,922
7,"2018-01-18 02:00:00",82,从西南偏西方向吹来的风,2,923
9,"2018-01-17 23:00:00",74,从西南方吹来的风,1,924
17,"2018-01-17 14:00:00",39,从西南偏南方向吹来的风,5,925
19,"2018-01-17 17:00:00",35,从西南偏南方向吹来的风,4,926
13,"2018-01-17 20:00:00",49,从西南方吹来的风,2,927
12,"2018-01-17 11:00:00",57,从西南方吹来的风,4,928
6,"2018-01-17 08:00:00",84,从西南方吹来的风,2,929
6,"2018-01-17 05:00:00",81,从西方吹来的风,3,930
6,"2018-01-17 02:00:00",80,从西南偏西方向吹来的风,3,931
9,"2018-01-16 20:00:00",64,无风,0,932
16,"2018-01-16 17:00:00",37,从东南偏南方向吹来的风,3,933
7,"2018-01-16 23:00:00",76,从西南偏西方向吹来的风,1,934
16,"2018-01-16 14:00:00",38,从南方吹来的风,2,935
12,"2018-01-16 11:00:00",54,从西南偏南方向吹来的风,3,936
4,"2018-01-16 08:00:00",93,从东北偏北方向吹来的风,1,937
7,"2018-01-16 02:00:00",86,从西南偏西方向吹来的风,3,938
5,"2018-01-16 05:00:00",93,从西北偏北方向吹来的风,1,939
9,"2018-01-15 23:00:00",71,从西南方吹来的风,3,940
12,"2018-01-15 20:00:00",60,从西南方吹来的风,2,941
15,"2018-01-15 17:00:00",45,从西南偏西方向吹来的风,6,942
14,"2018-01-15 14:00:00",50,从西方吹来的风,5,943
11,"2018-01-15 11:00:00",62,从西南方吹来的风,4,944
5,"2018-01-15 02:00:00",90,从西南方吹来的风,2,945
6,"2018-01-15 05:00:00",86,从西南方吹来的风,1,946
4,"2018-01-15 08:00:00",92,从西南偏南方向吹来的风,2,947
9,"2018-01-14 20:00:00",65,从西南方吹来的风,2,948
13,"2018-01-14 17:00:00",50,从西南偏西方向吹来的风,4,949
7,"2018-01-14 23:00:00",81,从西南方吹来的风,3,950
13,"2018-01-14 14:00:00",56,从西南方吹来的风,4,951
8,"2018-01-14 11:00:00",75,从西南偏南方向吹来的风,3,952
7,"2018-01-14 02:00:00",81,从西南方吹来的风,2,953
6,"2018-01-14 05:00:00",84,从西南偏南方向吹来的风,3,954
6,"2018-01-14 08:00:00",84,从西南偏南方向吹来的风,2,955
7,"2018-01-13 23:00:00",79,从东南偏南方向吹来的风,1,956
8,"2018-01-13 20:00:00",71,从西南方吹来的风,3,957
11,"2018-01-13 14:00:00",59,从西南方吹来的风,3,958
9,"2018-01-13 17:00:00",66,从南方吹来的风,2,959
5,"2018-01-13 08:00:00",80,从西南方吹来的风,2,960
5,"2018-01-13 05:00:00",79,从西南方吹来的风,2,961
6,"2018-01-13 11:00:00",79,从西南偏西方向吹来的风,2,962
5,"2018-01-13 02:00:00",77,从西南方吹来的风,2,963
5,"2018-01-12 23:00:00",74,从南方吹来的风,1,964
5,"2018-01-12 14:00:00",58,从西南偏南方向吹来的风,2,965
5,"2018-01-12 17:00:00",62,从东南方吹来的风,2,966
5,"2018-01-12 20:00:00",67,从东南偏南方向吹来的风,1,967
4,"2018-01-12 11:00:00",58,从东南偏南方向吹来的风,2,968
3,"2018-01-12 08:00:00",65,从东南偏东方向吹来的风,3,969
3,"2018-01-12 05:00:00",70,从东南方吹来的风,2,970
4,"2018-01-12 02:00:00",66,从东方吹来的风,3,971
7,"2018-01-11 17:00:00",56,从东南方吹来的风,1,972
5,"2018-01-11 23:00:00",66,从东南偏东方向吹来的风,3,973
6,"2018-01-11 20:00:00",67,从东南偏南方向吹来的风,1,974
6,"2018-01-11 14:00:00",59,从西南偏南方向吹来的风,1,975
4,"2018-01-11 11:00:00",63,从东南偏东方向吹来的风,4,976
2,"2018-01-11 08:00:00",66,从东南偏东方向吹来的风,3,977
2,"2018-01-11 02:00:00",74,从东方吹来的风,3,978
2,"2018-01-11 05:00:00",66,从东北偏东方向吹来的风,3,979
2,"2018-01-10 20:00:00",76,从东方吹来的风,3,980
1,"2018-01-10 17:00:00",80,从东北偏东方向吹来的风,3,981
2,"2018-01-10 23:00:00",75,从东方吹来的风,3,982
1,"2018-01-10 14:00:00",77,从东方吹来的风,3,983
2,"2018-01-10 11:00:00",81,从东方吹来的风,3,984
2,"2018-01-10 08:00:00",84,从东北偏东方向吹来的风,4,985
3,"2018-01-10 02:00:00",85,从东南偏东方向吹来的风,4,986
2,"2018-01-10 05:00:00",89,从东方吹来的风,2,987
10,"2018-01-09 17:00:00",64,从东方吹来的风,3,988
4,"2018-01-09 23:00:00",82,从东方吹来的风,4,989
5,"2018-01-09 20:00:00",81,从东南偏东方向吹来的风,3,990
11,"2018-01-09 14:00:00",69,从南方吹来的风,2,991
6,"2018-01-09 11:00:00",76,从东北方吹来的风,1,992
4,"2018-01-09 08:00:00",85,从东方吹来的风,1,993
2,"2018-01-09 05:00:00",84,从东北方吹来的风,1,994
5,"2018-01-09 02:00:00",70,从东北方吹来的风,3,995
4,"2018-01-08 23:00:00",77,无风,0,996
18,"2018-01-08 17:00:00",23,从西南方吹来的风,2,997
13,"2018-01-08 20:00:00",31,从南方吹来的风,2,998
17,"2018-01-08 14:00:00",30,从南方吹来的风,2,999
12,"2018-01-08 11:00:00",53,从南方吹来的风,1,1000
